"Year","Value"
2011,0.27417966964096
2012,0.277588524071185
2013,0.283089469728565
2014,0.289731023614721
2015,0.289869512829641
2016,0.294600385690368
2017,0.302801368122764
2018,0.309843162581622
2019,0.315949620307404
2020,0.318412412764087
2021,0.331196701606728
